{"training_loss": 0.08440586170229149, "_runtime": 29, "_timestamp": 1641473409, "_step": 14, "validation_loss": 0.5053145159035921, "accuracy": 89.375, "_wandb": {"runtime": 145}}