{"training_loss": 0.08440586170229149, "_runtime": 27, "_timestamp": 1641473749, "_step": 14, "validation_loss": 0.5053145159035921, "accuracy": 89.375}